{
  "train_loss": [
    9.540288751498474e-05,
    9.457520810725548e-05,
    9.361183667221747e-05,
    9.312097361866991e-05,
    9.28212860810404e-05,
    9.251424283593412e-05,
    9.218862826241e-05,
    9.18505131858213e-05,
    9.15129584101637e-05,
    9.118668442742443e-05,
    9.087980384123019e-05,
    9.059179340897055e-05,
    9.032139530478795e-05,
    9.00667357998999e-05,
    8.982635468266054e-05,
    8.959802344898112e-05,
    8.938110669875354e-05,
    8.917391682711521e-05,
    8.897554233839328e-05,
    8.878510649280758e-05,
    8.860327756505406e-05,
    8.842816374810221e-05,
    8.825917143588952e-05,
    8.809749369374425e-05,
    8.794102061744357e-05
  ],
  "val_loss": [
    9.515379643934528e-05,
    9.427709444188478e-05,
    9.366907922712904e-05,
    9.347493737928396e-05,
    9.330189542364568e-05,
    9.310663434291512e-05,
    9.289179034299458e-05,
    9.26654340553576e-05,
    9.244364664757329e-05,
    9.223480194045221e-05,
    9.204120767714517e-05,
    9.186365279505118e-05,
    9.170153161193542e-05,
    9.155144876643889e-05,
    9.14108050555772e-05,
    9.128175394287595e-05,
    9.116024873131459e-05,
    9.104586171554589e-05,
    9.093864888562152e-05,
    9.08369046251198e-05,
    9.074172919811986e-05,
    9.06510800032311e-05,
    9.056531237109896e-05,
    9.048451421801728e-05,
    9.040703639412716e-05
  ]
}