{
  "train_recon": [
    0.8170793044015218,
    0.6134947019731806,
    0.5194645254837315,
    0.466246962557731,
    0.42862799125542506,
    0.39839255209503405,
    0.3728355921816116,
    0.3513484404065125,
    0.33321121526189124,
    0.3178371795560254,
    0.30467294739780837,
    0.2933584856979491,
    0.28357142079021247,
    0.27509743069094,
    0.2675906626973871,
    0.2609832986897809,
    0.25515029687521384,
    0.24994044100824853,
    0.24524941479896537,
    0.24104430260900045,
    0.23712761567447135,
    0.2336326351850567,
    0.23045997431368584,
    0.22747873442958166,
    0.2247586931492177,
    0.22221876346660752,
    0.2198513071331863,
    0.21767588576680824,
    0.21557237242252383,
    0.21366726171604525,
    0.2118318564296874,
    0.21008976551751984,
    0.20841191957924413,
    0.20686719770440196,
    0.20540262142338847,
    0.20400928391841952,
    0.20257872011636752,
    0.20129556608870852,
    0.20008244754994697,
    0.19887134399942008,
    0.19770027561877213,
    0.1966209617380908,
    0.1955480525753674,
    0.19451231705064925,
    0.19354950115212402,
    0.1925729293559102,
    0.19164102201044306,
    0.19072938946949766,
    0.1898863632512876,
    0.18905987047133763
  ],
  "train_l1": [
    0.001221936445181812,
    0.001324759823824725,
    0.001433195489147408,
    0.0014606976411057195,
    0.001449334971843758,
    0.0014291176733908888,
    0.0014103842589126363,
    0.001393596833132251,
    0.0013802145952465086,
    0.0013700595702511907,
    0.0013617439699826676,
    0.001356033493185282,
    0.001351827736248654,
    0.0013493866362219943,
    0.0013475757165548532,
    0.0013468481127070571,
    0.0013466092250243565,
    0.001346999146414476,
    0.0013478861575053965,
    0.0013494024050331771,
    0.0013506875359930867,
    0.0013527004314569508,
    0.0013546218479222436,
    0.0013568125488045244,
    0.001359206074479853,
    0.0013612626079604776,
    0.001363824334714808,
    0.0013664082566692496,
    0.00136889577418602,
    0.0013714490404098867,
    0.001374012307071239,
    0.001376502975464407,
    0.0013790303388330925,
    0.001381445287033762,
    0.001384125711941175,
    0.0013866207198512217,
    0.0013890063159594564,
    0.0013913519035838526,
    0.0013939021241234843,
    0.0013963556462438615,
    0.0013985227100536072,
    0.0014010601197586283,
    0.0014032694193665141,
    0.0014055840834525436,
    0.0014077709449267946,
    0.0014099145691875278,
    0.0014121869112668913,
    0.0014142902519765864,
    0.001416297890496531,
    0.0014185370912720777
  ],
  "val_recon": [
    0.6744803481498353,
    0.5544171650103418,
    0.4949439740000804,
    0.4596573582824592,
    0.43371373910447514,
    0.4124702113101104,
    0.3945259435351009,
    0.3793539633078299,
    0.3664819520126362,
    0.3554792540800061,
    0.3465003069462044,
    0.3384258774125606,
    0.33159427904061767,
    0.32577713881091447,
    0.320649395361355,
    0.31624586516123276,
    0.3122620621616354,
    0.3087393923730634,
    0.30576065970908484,
    0.3029777967659592,
    0.30048793599347323,
    0.29819373955354284,
    0.2960780581238888,
    0.29415305345424775,
    0.29238422616603094,
    0.29089990611040323,
    0.2894011687872092,
    0.28803680045178315,
    0.28660767249556574,
    0.2854317096378701,
    0.2841911985531862,
    0.2829589294246222,
    0.2818646138200832,
    0.280766677045702,
    0.279844222501183,
    0.2788105665586457,
    0.2780006220118525,
    0.27706921986428557,
    0.2762717585119252,
    0.2753151493048488,
    0.274579539106835,
    0.2737495080950278,
    0.27291637418852643,
    0.2722105550525771,
    0.2714497742785014,
    0.2706523464068358,
    0.2700737090194856,
    0.2693554900154959,
    0.2686834655120331,
    0.2680253218343336
  ],
  "cosine_sim": [
    0.3260670155286789,
    0.4449029639363289,
    0.5046543926000595,
    0.5403457581996918,
    0.566545382142067,
    0.5877965241670609,
    0.6058714985847473,
    0.6213058978319168,
    0.6341727077960968,
    0.6451118588447571,
    0.6542405784130096,
    0.6622378081083298,
    0.6691313087940216,
    0.674944132566452,
    0.6799253970384598,
    0.6843805909156799,
    0.6882520020008087,
    0.6918700784444809,
    0.6948385983705521,
    0.6976458579301834,
    0.7003181278705597,
    0.7027255147695541,
    0.7048656791448593,
    0.7067973613739014,
    0.708542987704277,
    0.7101699709892273,
    0.7115811705589294,
    0.7128438949584961,
    0.7143256664276123,
    0.7156386077404022,
    0.7168534100055695,
    0.7178418338298798,
    0.7190061062574387,
    0.7201605886220932,
    0.721111997961998,
    0.7221558839082718,
    0.7229701578617096,
    0.7238136380910873,
    0.724662184715271,
    0.7255437523126602,
    0.7264851927757263,
    0.727262869477272,
    0.7281694263219833,
    0.7289789915084839,
    0.7296946048736572,
    0.7305256277322769,
    0.7310868352651596,
    0.7319285869598389,
    0.7326072156429291,
    0.7332691103219986
  ]
}