{
  "timestamp": "2026-04-29T16:29:18.463437",
  "data": {
    "n_users": 312624,
    "n_items": 33377,
    "n_interactions": 1019228
  },
  "train_test_split": {
    "train_users": 312624,
    "test_users": 312624
  },
  "runs": [
    {
      "model": "ALS",
      "run_id": 0,
      "config": {},
      "metrics": {
        "recall": {
          "@5": 0.01617427373075259,
          "@10": 0.02658396097233522,
          "@20": 0.04399084062781539,
          "@50": 0.0821316204698694
        },
        "ndcg": {
          "@5": 0.011502773039126946,
          "@10": 0.014862803436378899,
          "@20": 0.019426151970712725,
          "@50": 0.027528133056676337
        },
        "precision": {
          "@5": 0.004875722165380738,
          "@10": 0.004160288019940228,
          "@20": 0.003487933780031401,
          "@50": 0.002652952896738828
        },
        "mrr": {
          "@5": 0.012064937829029208,
          "@10": 0.014039967724261113,
          "@20": 0.01563122141725445,
          "@50": 0.01713394841297386
        },
        "map": {
          "@5": 0.008684695265227844,
          "@10": 0.009830742354589663,
          "@20": 0.010949691643056059,
          "@50": 0.012160006834285728
        }
      },
      "checkpoint": "C:\\Users\\elisk\\Desktop\\2024-25\\Diplomka\\Github\\Diplomov-pr-ce\\outputs\\baseline_20260429_162715\\checkpoints\\als_run00.pt",
      "best": true
    }
  ],
  "als_best": {
    "config": {},
    "metrics": {
      "recall": {
        "@5": 0.01617427373075259,
        "@10": 0.02658396097233522,
        "@20": 0.04399084062781539,
        "@50": 0.0821316204698694
      },
      "ndcg": {
        "@5": 0.011502773039126946,
        "@10": 0.014862803436378899,
        "@20": 0.019426151970712725,
        "@50": 0.027528133056676337
      },
      "precision": {
        "@5": 0.004875722165380738,
        "@10": 0.004160288019940228,
        "@20": 0.003487933780031401,
        "@50": 0.002652952896738828
      },
      "mrr": {
        "@5": 0.012064937829029208,
        "@10": 0.014039967724261113,
        "@20": 0.01563122141725445,
        "@50": 0.01713394841297386
      },
      "map": {
        "@5": 0.008684695265227844,
        "@10": 0.009830742354589663,
        "@20": 0.010949691643056059,
        "@50": 0.012160006834285728
      }
    },
    "checkpoint": "C:\\Users\\elisk\\Desktop\\2024-25\\Diplomka\\Github\\Diplomov-pr-ce\\outputs\\baseline_20260429_162715\\checkpoints\\als_best.pt"
  },
  "bpr_best": {
    "config": {},
    "metrics": {
      "recall": {
        "@5": 0.017954007655123647,
        "@10": 0.029420325514494475,
        "@20": 0.04819935479668819,
        "@50": 0.08736764693211267
      },
      "ndcg": {
        "@5": 0.013288234625267502,
        "@10": 0.01690939268073025,
        "@20": 0.021870296023375514,
        "@50": 0.030251514059066367
      },
      "precision": {
        "@5": 0.005720396027417512,
        "@10": 0.004718018939773243,
        "@20": 0.003912578563131839,
        "@50": 0.0028763529782827573
      },
      "mrr": {
        "@5": 0.014582932664569073,
        "@10": 0.016680990002604448,
        "@20": 0.01842803715662301,
        "@50": 0.019978041941981956
      },
      "map": {
        "@5": 0.01007004331069078,
        "@10": 0.011295218863767255,
        "@20": 0.012503640437099459,
        "@50": 0.013772160033813995
      }
    },
    "checkpoint": "C:\\Users\\elisk\\Desktop\\2024-25\\Diplomka\\Github\\Diplomov-pr-ce\\outputs\\baseline_20260429_162715\\checkpoints\\bpr_best.pt"
  }
}